word,freq
hillary,345
thank,319
great,294
clinton,241
crooked,180
people,165
america,129
join,125
make,122
get,100
president,99
today,94
new,92
going,91
maga,88
media,87
country,85
vote,83
bad,81
time,80
one,76
never,75
jobs,75
many,74
cnn,73
back,73
obama,72
tonight,68
tomorrow,68
would,67
bei,67
debate,66
draintheswamp,66
big,65
ohio,65
florida,64
watch,62
last,59
americafirst,59
said,58
together,56
makeamericagreatagain,55
support,55
speech,55
us,55
like,53
american,53
pence,53
much,52
win,50
election,50
mike,50
bernie,49
want,49
night,49
tickets,48
campaign,48
poll,47
enjoy,46
see,44
job,44
news,44
state,44
look,43
imwithyou,42
must,41
safe,41
dishonest,41
movement,40
bigleaguetruth,40
foxnews,39
even,39
years,39
good,39
rally,39
pennsylvania,39
states,39
totally,38
way,38
soon,38
north,38
nevada,38
supporters,37
world,37
carolina,37
trump2016,36
obamacare,36
know,36
hillaryclinton,35
go,35
made,34
meeting,34
day,34
change,33
isis,33
nytimes,32
wow,32
americans,32
really,32
11,32
let,32
interviewed,31
000,31
first,31
nothing,31
university,30
total,30
crookedhillary,30
sanders,29
wall,29
amazing,29
called,29
polls,29
united,29
bill,29
colorado,29
live,29
7pm,28
national,28
done,28
washington,28
vegas,28
iowa,28
trumppence16,28
two,28
ratings,27
failing,27
morning,27
wonderful,27
00,27
mexico,27
virginia,27
las,27
rigged,27
disaster,26
nice,26
believe,26
massive,26
republican,26
take,26
convention,26
another,25
terrible,25
hard,25
need,25
money,25
arizona,25
kaine,25
say,24
women,23
right,23
work,23
democrats,23
saying,23
law,23
wrong,23
got,23
better,23
john,23
looking,23
ever,22
border,22
watching,22
trade,22
failed,22
sad,22
immigration,22
everyone,22
always,22
governor,22
michigan,22
making,21
report,21
crowd,21
lost,21
forward,21
house,21
dems,21
russia,21
icymi,21
getting,20
story,20
well,20
judgement,20
working,20
stop,20
proud,20
far,20
general,20
order,20
lies,20
deal,20
system,20
fbi,20
tower,20
show,19
evening,19
yesterday,19
things,19
badly,19
emails,19
million,19
officers,19
fight,19
numbers,19
business,19
worse,19
crime,19
bring,19
love,18
keep,18
top,18
voters,18
3pm,18
pay,18
tax,18
repeal,18
biased,17
thanks,17
little,17
record,17
presidential,17
says,17
small,17
history,17
times,17
run,17
special,17
lets,17
days,16
gave,16
illegal,16
mails,16
happy,16
texas,16
killed,16
think,16
police,16
10,16
next,16
foxandfriends,16
millions,16
long,16
hope,16
30pm,16
families,16
hampshire,16
fix,16
cleveland,16
corrupt,16
government,16
12,16
november,16
talk,16
fake,16
year,16
party,16
email,16
results,16
replace,16
fraud,15
policies,15
foreign,15
call,15
joe,15
fact,15
taking,15
lie,15
questions,15
secret,15
white,15
senator,15
heading,15
honor,15
radical,15
weak,15
true,15
mess,15
fantastic,15
allowed,15
watched,14
real,14
person,14
100,14
place,14
leadership,14
without,14
street,14
false,14
votes,14
presidency,14
video,14
enforcement,14
horrible,14
2016,14
saturday,14
future,14
thoughts,14
prayers,14
political,14
major,14
also,14
indiana,14
strong,14
airport,14
incredible,14
coming,14
remember,14
dnc,14
wisconsin,14
plan,14
seanhannity,13
press,13
conference,13
potus,13
beautiful,13
running,13
economy,13
wants,13
man,13
orlando,13
beginning,13
foundation,13
attack,13
thing,13
secretary,13
statement,13
leaving,13
center,13
spending,13
away,13
help,13
israel,13
friday,13
every,13
melania,13
voter,13
congratulations,12
use,12
policy,12
open,12
office,12
four,12
00pm,12
best,12
truly,12
talking,12
worst,12
could,12
air,12
yet,12
16,12
come,12
african,12
cannot,12
full,12
deals,12
oreillyfactor,12
winning,12
announced,12
county,12
instead,12
knows,12
international,12
vpdebate,12
elect,12
tremendous,11
put,11
week,11
mr,11
tough,11
end,11
military,11
tampa,11
smart,11
happened,11
victory,11
30,11
security,11
borders,11
family,11
lead,11
happening,11
york,11
stay,11
voting,11
interview,11
team,11
city,11
rncincle,11
wikileaks,11
rallies,11
via,11
leaders,11
give,11
important,11
hacking,11
intelligence,11
took,10
nobody,10
knew,10
endorsement,10
save,10
former,10
behind,10
act,10
less,10
others,10
terrorism,10
book,10
spent,10
attacks,10
warren,10
choice,10
continue,10
calls,10
victims,10
islamic,10
coverage,10
spoke,10
countries,10
wednesday,10
high,10
china,10
taxes,10
saw,10
become,10
left,10
meet,10
brexit,10
exciting,10
trying,10
administration,10
maine,10
highly,10
dumb,10
democratic,10
final,10
problems,10
taken,10
rapids,10
oh,10
crowds,10
unbelievable,10
iran,10
nbc,10
debates2016,10
ford,10
san,9
california,9
already,9
voted,9
usa,9
case,9
ready,9
longer,9
dead,9
since,9
unfit,9
paid,9
ad,9
service,9
seen,9
please,9
terrorist,9
beat,9
agree,9
thought,9
term,9
phony,9
donaldtrump,9
may,9
thursday,9
nation,9
used,9
children,9
court,9
grand,9
funny,9
ago,9
50,9
sources,9
pick,9
lot,9
politics,9
released,9
twitter,9
divided,9
pro,9
build,9
including,9
dem,9
seeing,9
met,9
respect,9
stated,9
perhaps,9
lose,9
play,9
afternoon,9
beach,9
6pm,9
8th,9
charlotte,9
votetrumppence16,9
increase,8
speaking,8
makes,8
public,8
hrc,8
ryan,8
told,8
free,8
criminal,8
looks,8
benghazi,8
hall,8
anymore,8
low,8
town,8
event,8
scandal,8
trumptrain,8
everything,8
poor,8
answer,8
least,8
reporting,8
nominee,8
gop,8
endorsed,8
condolences,8
pa,8
plans,8
speak,8
discuss,8
words,8
asked,8
phoenix,8
follow,8
ask,8
refuses,8
apologize,8
supreme,8
happen,8
shot,8
abc,8
old,8
senate,8
create,8
simple,8
elected,8
terrorists,8
despite,8
sided,8
force,8
cincinnati,8
republicans,8
economic,8
miami,8
st,8
angry,8
war,8
justice,8
nafta,8
arena,8
dollars,8
putin,8
iraq,8
middle,8
debates,8
reno,8
department,8
cost,8
points,8
fighting,8
louisiana,8
january,8
debatenight,8
focus,8
plant,8
companies,8
thankyoutour2016,8
20th,8
alabama,8
forgotten,7
raised,7
wife,7
zero,7
reviews,7
interest,7
paul,7
healthcare,7
scotland,7
successful,7
hear,7
mayor,7
shows,7
message,7
racist,7
33,7
deleted,7
primary,7
pocahontas,7
elizabeth,7
fl,7
king,7
chance,7
mention,7
using,7
terror,7
transcript,7
college,7
noon,7
birthday,7
4pm,7
packed,7
judgment,7
workers,7
start,7
inner,7
cities,7
son,7
friends,7
erictrump,7
came,7
proven,7
close,7
sure,7
absolutely,7
caught,7
chuck,7
wanted,7
plane,7
star,7
forget,7
tpp,7
stories,7
vice,7
mail,7
energy,7
past,7
set,7
defense,7
joke,7
crazy,7
protect,7
class,7
across,7
needs,7
podesta,7
nuclear,7
race,7
part,7
actually,7
anyone,7
pensacola,7
syria,7
server,7
reporter,6
television,6
veterans,6
anything,6
jose,6
cover,6
wins,6
thousands,6
failure,6
enthusiasm,6
outside,6
gone,6
wild,6
chief,6
guy,6
standing,6
attacked,6
feel,6
network,6
pundits,6
calling,6
debt,6
except,6
opponents,6
vp,6
regarding,6
goofy,6
investigation,6
8pm,6
leading,6
joining,6
appreciate,6
2nd,6
home,6
post,6
based,6
cont,6
buy,6
dallas,6
safety,6
game,6
room,6
started,6
prior,6
amnesty,6
read,6
turnberry,6
eric,6
stand,6
went,6
action,6
landed,6
ads,6
facts,6
line,6
washingtonpost,6
fox,6
tune,6
rather,6
nbcnews,6
2a,6
charges,6
husband,6
interesting,6
heard,6
control,6
chicago,6
violence,6
announcement,6
sell,6
makeamericasafeagain,6
tim,6
pushing,6
complete,6
toledo,6
mi,6
point,6
refugees,6
departing,6
life,6
threat,6
boring,6
facebook,6
springs,6
denver,6
crimea,6
short,6
serious,6
15,6
hacked,6
wilmington,6
anti,6
gets,6
graham,6
tried,6
hit,6
loss,6
still,6
large,6
honored,6
popular,6
care,6
campaigning,6
truth,6
affordable,6
lincoln,6
navy,6
info,6
official,6
begins,6
bush,6
electoral,6
kennedy,6
inauguration,6
third,5
stupid,5
temperament,5
decision,5
notice,5
experience,5
mistakes,5
though,5
unfair,5
allow,5
leader,5
opening,5
visit,5
legal,5
ivankatrump,5
hispanic,5
missed,5
doors,5
able,5
held,5
number,5
continues,5
south,5
else,5
plus,5
rights,5
possible,5
finally,5
trouble,5
inaccurate,5
nations,5
vast,5
community,5
fair,5
list,5
supports,5
spirit,5
biggest,5
hours,5
word,5
decisions,5
expand,5
interests,5
executive,5
supported,5
arrived,5
especially,5
self,5
wait,5
west,5
donaldjtrumpjr,5
daughter,5
liked,5
question,5
negative,5
maybe,5
fit,5
destroy,5
reason,5
release,5
brought,5
minutes,5
david,5
islam,5
serve,5
classified,5
council,5
due,5
thinks,5
pass,5
embarrassed,5
tv,5
concerning,5
announce,5
weeks,5
gopconvention,5
stage,5
gov,5
michael,5
defeat,5
almost,5
super,5
pathetic,5
roanoke,5
given,5
scranton,5
illegally,5
poverty,5
corruption,5
created,5
commander,5
members,5
imagine,5
wonder,5
available,5
hurt,5
cut,5
daytona,5
400,5
geneva,5
green,5
loves,5
etc,5
billion,5
chairman,5
increases,5
army,5
registered,5
henderson,5
votetrump,5
woman,5
delivered,5
wealth,5
express,5
bigger,5
deplorables,5
hofstra,5
magazine,5
trumprally,5
djt,5
around,5
timkaine,5
aides,5
page,5
palm,5
2017,5
lives,5
12pm,5
augustine,5
springfield,5
planned,5
cabinet,5
schumer,5
carrier,5
ceo,5
mobile,5
10pme,4
rate,4
represent,4
38,4
pres,4
lyin,4
credibility,4
performance,4
blue,4
legacy,4
golf,4
june,4
trumpturnberry,4
club,4
trumpscotland,4
atlantic,4
dangerous,4
group,4
thugs,4
flag,4
greatly,4
champion,4
peaceful,4
protection,4
ineffective,4
referred,4
spend,4
blow,4
staff,4
heroes,4
nato,4
giving,4
violent,4
nomination,4
greatest,4
shame,4
historic,4
unemployment,4
rich,4
leave,4
expected,4
guns,4
richmond,4
pittsburgh,4
13,4
nasty,4
someone,4
nh,4
tuesday,4
greensboro,4
changed,4
horrific,4
praying,4
congrats,4
immediately,4
disgrace,4
la,4
ban,4
fan,4
protecting,4
admit,4
greta,4
unity,4
deficit,4
houston,4
additional,4
send,4
entire,4
turned,4
fortune,4
brilliant,4
along,4
course,4
vetting,4
ice,4
budget,4
george,4
overrated,4
pols,4
heritage,4
comes,4
check,4
online,4
upset,4
whole,4
bangor,4
10pm,4
probably,4
killing,4
constitution,4
todd,4
fool,4
slaughter,4
200,4
guilty,4
fools,4
director,4
information,4
incompetent,4
democrat,4
touch,4
whatever,4
reform,4
robert,4
sold,4
welcome,4
ginsburg,4
statements,4
mind,4
understand,4
helping,4
mistake,4
thinking,4
rules,4
committee,4
weakness,4
60minutes,4
scottwalker,4
early,4
talks,4
germany,4
owned,4
manufacturing,4
treated,4
waste,4
turning,4
sorry,4
exhausted,4
known,4
debbie,4
wasserman,4
higher,4
disastrous,4
written,4
likes,4
compared,4
try,4
wi,4
share,4
swing,4
potential,4
cedar,4
plants,4
neverhillary,4
driving,4
monday,4
growth,4
politicians,4
clintons,4
khan,4
hero,4
viciously,4
mark,4
something,4
accepted,4
jacksonville,4
cash,4
lesm,4
des,4
moines,4
bay,4
candidate,4
fayetteville,4
congressman,4
steven,4
promised,4
detroit,4
amendment,4
second,4
turns,4
seriously,4
disgusting,4
health,4
delivering,4
nc,4
franklin,4
teamtrump,4
morningmika,4
private,4
various,4
starting,4
friend,4
problem,4
visited,4
nights,4
forum,4
jail,4
men,4
mn,4
rest,4
sign,4
drug,4
account,4
russian,4
korea,4
nukes,4
24,4
claims,4
sanford,4
18,4
congress,4
waukesha,4
three,4
mosul,4
govt,4
worked,4
moderator,4
officials,4
exclusive,4
landslide,4
dept,4
cuba,4
machine,4
43,4
evidence,4
delaware,4
premiums,4
camp,4
enough,4
memorial,4
naples,4
asking,4
charity,4
expensive,4
easily,4
cast,4
cia,4
jeffzeleny,4
nominate,4
move,4
ashamed,3
risk,3
learn,3
qualified,3
gives,3
proper,3
losses,3
judge,3
civil,3
diego,3
positions,3
poorly,3
60,3
costs,3
restore,3
22,3
resort,3
europe,3
supporting,3
young,3
yes,3
reported,3
audience,3
hate,3
honest,3
fortunately,3
attorney,3
sometimes,3
closed,3
msm,3
access,3
unable,3
agent,3
journey,3
comments,3
recieved,3
fans,3
mate,3
primaries,3
productive,3
senators,3
14,3
freedom,3
correct,3
shared,3
values,3
romney,3
dog,3
shooting,3
killer,3
near,3
events,3
saudi,3
arabia,3
funding,3
georgia,3
common,3
sense,3
conservative,3
nv,3
desperate,3
passion,3
ny,3
within,3
unleashed,3
40,3
putting,3
nearly,3
murder,3
gays,3
honesty,3
personal,3
belief,3
kept,3
pledged,3
favor,3
losing,3
whose,3
letter,3
sat,3
uk,3
immigrants,3
success,3
timing,3
britain,3
dealing,3
incorrectly,3
joined,3
mass,3
laws,3
dollar,3
playing,3
address,3
quo,3
donations,3
lied,3
light,3
pm,3
discussing,3
arnold,3
anncoulter,3
fawning,3
uschamber,3
harder,3
negotiate,3
reasons,3
accept,3
loan,3
local,3
anybody,3
palestinian,3
returned,3
waiting,3
clear,3
impossible,3
evil,3
tarmac,3
20,3
tweet,3
joniernst,3
usual,3
11pm,3
extremely,3
careless,3
helped,3
destroyed,3
speaker,3
meetings,3
rep,3
officially,3
shootings,3
answering,3
living,3
sound,3
inside,3
senior,3
endorsing,3
31,3
raise,3
swamp,3
france,3
chosen,3
vicious,3
chris,3
prove,3
matter,3
picks,3
enemies,3
picked,3
kasich,3
ted,3
cruz,3
speeches,3
ivanka,3
loans,3
god,3
opposite,3
leaked,3
wikileakes,3
steelworkers,3
signed,3
disrespect,3
tears,3
figure,3
schultz,3
loyal,3
pushed,3
strength,3
hook,3
neurotic,3
involved,3
find,3
listen,3
difference,3
broken,3
liar,3
refugee,3
strategy,3
hopefully,3
syrian,3
complaining,3
double,3
barack,3
jerryjrfalwell,3
550,3
proof,3
power,3
east,3
average,3
coal,3
bloomberg,3
ran,3
wishes,3
tired,3
unite,3
dream,3
columbus,3
rising,3
johnstown,3
viewers,3
distorted,3
ukraine,3
name,3
completely,3
donors,3
kind,3
company,3
russians,3
reset,3
ia,3
rise,3
loved,3
gotten,3
libya,3
citizens,3
irrelevant,3
industry,3
reuters,3
fiction,3
inspired,3
among,3
covered,3
write,3
lifetime,3
caused,3
premium,3
lift,3
evenings,3
powerful,3
predators,3
kellyannepolls,3
vs,3
unwatchable,3
eastern,3
akron,3
quickly,3
strongly,3
late,3
affected,3
remembrance,3
fame,3
instincts,3
stamina,3
praised,3
price,3
2008,3
ideas,3
solve,3
apologized,3
recovery,3
candidates,3
enjoyed,3
bias,3
scandals,3
jeff,3
stood,3
phyllis,3
red,3
peter,3
minister,3
tonyschwartz,3
supporter,3
missouri,3
moment,3
cnbc,3
optimism,3
jimmyfallon,3
magnet,3
innovation,3
creation,3
grateful,3
armed,3
nj,3
weekend,3
cuban,3
front,3
issue,3
ahead,3
wsj,3
bluffs,3
deepest,3
followthemoney,3
phrase,3
tweeting,3
means,3
decide,3
level,3
product,3
complex,3
doj,3
register,3
susiesentinel,3
conflict,3
polling,3
wilkes,3
barre,3
careful,3
tennessee,3
rasmussen,3
certainly,3
elections,3
jones,3
extreme,3
equally,3
lower,3
fixing,3
difficult,3
42,3
41,3
places,3
doubt,3
comey,3
works,3
25,3
donna,3
brazile,3
different,3
bringing,3
mrs,3
tallahassee,3
voice,3
obamacarefail,3
116,3
oval,3
golden,3
greeley,3
co,3
hershey,3
minnesota,3
protesters,3
busy,3
subscribers,3
campaigned,3
transition,3
kentucky,3
confidence,3
hamilton,3
james,3
mattis,3
cancelled,3
fully,3
head,3
scam,3
democracy,3
somebody,3
businesses,3
35,3
cars,3
building,3
invest,3
rex,3
tillerson,3
executives,3
focused,3
swearing,3
motors,3
julian,3
assange,3
computer,3
later,3
season,3
lewis,3
fraudulent,2
credit,2
179,2
10pe,2
belittle,2
missing,2
wrote,2
discredited,2
jamesrosenfnc,2
natural,2
talent,2
ability,2
zilch,2
suffers,2
execs,2
telepromter,2
cross,2
explode,2
absolute,2
redding,2
celebrate,2
trumpdoonbeg,2
ireland,2
magnificent,2
judgejeanine,2
hispanics,2
added,2
bombshell,2
burned,2
mika,2
hostile,2
illegals,2
laughed,2
2010,2
garbage,2
months,2
criticized,2
certain,2
describing,2
toward,2
jersey,2
dakota,2
thr,2
deep,2
msnbc,2
joey,2
crisis,2
agreed,2
dishonesty,2
va,2
11am,2
portsmouth,2
faith,2
coalition,2
donor,2
puppet,2
however,2
mitt,2
volunteers,2
article,2
bills,2
miss,2
native,2
advance,2
career,2
wounded,2
groveling,2
mock,2
disabled,2
incident,2
vigilant,2
resign,2
parade,2
hitting,2
broke,2
setting,2
includes,2
tied,2
amounts,2
atlanta,2
brings,2
freedoms,2
241st,2
fell,2
directly,2
fast,2
trumps,2
changer,2
az,2
empty,2
reaction,2
pressure,2
obviously,2
employees,2
according,2
surged,2
drive,2
wages,2
businessman,2
favors,2
regimes,2
ambassador,2
secy,2
fund,2
loudobbs,2
foxbusiness,2
et,2
raising,2
answers,2
response,2
slogan,2
presidents,2
father,2
appreciated,2
apart,2
consulting,2
wage,2
trip,2
kids,2
games,2
determination,2
shoulder,2
allies,2
settled,2
linked,2
enforce,2
wash,2
disgraceful,2
heavy,2
markets,2
ignoring,2
crush,2
dtmag,2
govbrewer,2
cvpayne,2
market,2
sick,2
turkey,2
sharing,2
keeping,2
advantage,2
stronger,2
insurance,2
capable,2
april,2
ericbolling,2
terrific,2
selling,2
funded,2
crimes,2
aware,2
speakers,2
bear,2
arms,2
recommend,2
meetthepress,2
passed,2
pictures,2
sent,2
handle,2
danger,2
forever,2
plain,2
tom,2
result,2
solid,2
impressed,2
hell,2
trail,2
flying,2
pays,2
paying,2
petraeus,2
riggedsystem,2
lots,2
handling,2
sensitive,2
moves,2
sleepy,2
eyes,2
hits,2
followers,2
contribute,2
outrage,2
style,2
opportunity,2
tragedy,2
turn,2
district,2
delegates,2
deliver,2
leverage,2
somewhat,2
surprised,2
global,2
platform,2
flat,2
nationwide,2
impact,2
editorial,2
judges,2
manhattan,2
details,2
injured,2
introducing,2
bikers,2
hotel,2
ann,2
con,2
led,2
baton,2
rouge,2
subjects,2
joint,2
clue,2
panels,2
podium,2
majority,2
makeamericaworkagain,2
tiffany,2
analysis,2
pledge,2
anyway,2
justices,2
acceptance,2
quicken,2
rnc,2
produced,2
bless,2
bob,2
flynn,2
theresa,2
stands,2
philly,2
banks,2
outraged,2
fought,2
miners,2
unless,2
selection,2
brother,2
everybody,2
showed,2
revolution,2
proves,2
reince,2
priebus,2
player,2
meltdown,2
cheating,2
writing,2
smoothly,2
fear,2
fold,2
cory,2
often,2
bed,2
easier,2
horror,2
investments,2
idea,2
megynkelly,2
sleep,2
warned,2
betray,2
narrative,2
genius,2
bright,2
biden,2
carpet,2
bomb,2
deaths,2
despair,2
davidwohl,2
demand,2
trumplican2016,2
exist,2
70,2
17,2
positive,2
regulation,2
income,2
winter,2
warn,2
vision,2
wars,2
destruction,2
goes,2
forgot,2
rough,2
beating,2
stuff,2
2pm,2
reagan,2
goal,2
nfl,2
reforms,2
ties,2
mon,2
carson,2
hikes,2
decimated,2
stolen,2
agrees,2
drawing,2
research,2
liberal,2
voterfraud,2
laughable,2
interviews,2
push,2
everyday,2
worried,2
schools,2
cameras,2
sit,2
chairs,2
fundraisers,2
oklahoma,2
immigrant,2
enthusiastic,2
greater,2
switzerland,2
luck,2
happens,2
circuited,2
baltimore,2
purpose,2
baby,2
lightweight,2
acting,2
flunky,2
upstate,2
efforts,2
quick,2
insiders,2
stance,2
dbongino,2
mic,2
lemon,2
defending,2
admire,2
defend,2
hoax,2
surprise,2
constant,2
elsolarverde,2
avoid,2
issues,2
indeed,2
reports,2
3rd,2
necessary,2
agenda,2
hosted,2
newspaper,2
quote,2
enjoying,2
willspeakout,2
glorious,2
advisers,2
properly,2
protected,2
talented,2
politician,2
process,2
vets,2
ocare,2
face,2
financial,2
lawandorder,2
participating,2
hurts,2
reception,2
800,2
dreams,2
bosses,2
periscope,2
brainykid2010,2
shl,2
rated,2
tell,2
clowns,2
trust,2
knowing,2
austin,2
agents,2
project,2
hannity,2
relief,2
tornadoes,2
nigel,2
farage,2
jump,2
utah,2
promise,2
playbook,2
fail,2
kkk,2
member,2
mentor,2
dailycaller,2
communities,2
program,2
breaking,2
lists,2
changing,2
venue,2
larger,2
unreal,2
overdoses,2
southern,2
diamondandsilk,2
regard,2
black,2
dwyane,2
wade,2
attend,2
courage,2
trillion,2
everett,2
reaching,2
sea,2
telling,2
bar,2
forced,2
nieto,2
review,2
progress,2
nov,2
headquarters,2
returning,2
flake,2
documents,2
web,2
leads,2
followed,2
reach,2
stairway,2
laborday,2
labor,2
schlafly,2
provide,2
latest,2
genflynn,2
19,2
veteran,2
newtgingrich,2
differently,2
respected,2
writer,2
hardly,2
dope,2
funeral,2
lindsey,2
47,2
ur,2
clive,2
child,2
canton,2
weapons,2
tour,2
jessebwatters,2
fallontonight,2
brand,2
informed,2
heavily,2
gates,2
mostly,2
wacky,2
intent,2
dopey,2
warmest,2
nyc,2
ok,2
airplane,2
train,2
tragic,2
knock,2
farmers,2
berglund,2
outcomes,2
benjamin,2
netanyahu,2
israeli,2
prime,2
five,2
died,2
increased,2
dc,2
typical,2
asia,2
pivot,2
agreement,2
ransom,2
drudge,2
trumpwon,2
murders,2
2015,2
extend,2
8pme,2
novi,2
gratitude,2
expect,2
alicia,2
tape,2
spread,2
clock,2
pueblo,2
childcare,2
builds,2
tens,2
turnout,2
begin,2
kellyanne,2
likeable,2
prepared,2
bull,2
oversaw,2
mired,2
remarks,2
hurricane,2
tone,2
valley,2
drop,2
accuser,2
broaddrick,2
sunday,2
locker,2
ag,2
prosecutor,2
situation,2
wedding,2
runs,2
hypocrite,2
position,2
league,2
prosperous,2
definition,2
slowest,2
regulations,2
mccain,2
dropped,2
behavior,2
registration,2
orders,2
fabrication,2
catholic,2
minds,2
prosecuted,2
landing,2
nonsense,2
reporters,2
baldwin,2
rigging,2
scheme,2
felt,2
1pm,2
quid,2
representing,2
orange,2
ncgop,2
charged,2
rates,2
ethics,2
believes,2
urged,2
lobbyist,2
forms,2
groups,2
organized,2
operative,2
342,2
adviser,2
mocked,2
behalf,2
gun,2
drugs,2
pouring,2
deport,2
bank,2
hey,2
incited,2
conflicts,2
either,2
fairgrounds,2
upcoming,2
fletcher,2
addition,2
promises,2
huma,2
morocco,2
harry,2
watchdog,2
chair,2
reveals,2
sending,2
gettysburg,2
contract,2
ally,2
views,2
pbi,2
receive,2
personally,2
bobby,2
pigs,2
ronald,2
fire,2
urban,2
releases,2
albuquerque,2
delayed,2
coach,2
drain,2
congressional,2
six,2
decades,2
creating,2
10am,2
sarasota,2
outsider,2
avp,2
location,2
electionday,2
forces,2
congratulate,2
smaller,2
ones,2
japan,2
looked,2
theater,2
fill,2
parts,2
mad,2
considered,2
impressive,2
relationship,2
considering,2
dr,2
remembered,2
thanksgiving,2
delay,2
horrifying,2
unwilling,2
highonhillcrest,2
suffer,2
journalist,2
certified,2
306,2
december,2
mandated,2
taiwan,2
billions,2
reduce,2
wanting,2
recount,2
sadly,2
boeing,2
cancel,2
masa,2
1999,2
space,2
apprentice,2
fun,2
ridiculous,2
wallace,2
stadium,2
whether,2
exxonmobil,2
purchases,2
jimbrownnfl32,2
jan,2
hire,2
drone,2
unprecedented,2
capability,2
dts,2
strengthen,2
senses,2
lockheed,2
martin,2
purely,2
hatred,2
dignity,2
christmas,2
index,2
photo,2
outlets,2
fireworks,2
car,2
onto,2
needed,2
blame,2
simply,2
presented,2
study,2
jane,2
built,2
fiat,2
nancy,2
infested,2
inauguration2017,2
transferring,2
inaugurationday,2
mountain,2
protests,2
automobile,2
whitehouse,2
davidmuir,2
crew,2
marchforlife,2
katie,1
couric,1
largely,1
editing,1
doc,1
admonished,1
600,1
sacramento,1
scpioneer,1
stockdaleism,1
slackers,1
courses,1
halodad22,1
teachers4trump,1
ca4trump,1
neverdems,1
representation,1
todays,1
lawsuits,1
verdict,1
450,1
mean,1
monsters,1
litigation,1
disposed,1
instructed,1
misrepresent,1
incompetence,1
reading,1
shield,1
panic,1
anger,1
sa,1
bd,1
tayloredwards99,1
valenti317,1
robertmordica,1
natalie,1
gulbis,1
piece,1
sinow,1
com,1
newly,1
renovated,1
worlds,1
visiting,1
aberdeen,1
oil,1
capital,1
fronting,1
ocean,1
25th,1
crz4basball,1
several,1
angeloftruth11,1
liliannyleebou,1
female,1
intelligent,1
genuine,1
lady,1
fivestarr6028,1
hubby,1
basis,1
attending,1
24th,1
tougher,1
muhammad,1
ali,1
74,1
rapidcraft,1
vito,1
08,1
votetrump2016,1
ordering,1
innocent,1
lucky,1
remained,1
gonzales,1
sareed59,1
elkhart,1
indignant,1
lately,1
predictable,1
skills,1
destructive,1
track,1
katyturnbc,1
finish,1
politifact,1
month,1
issued,1
marks,1
flexible,1
remembering,1
fallen,1
dday,1
diamond,1
silk,1
obsolete,1
excoriates,1
erratic,1
gary,1
byrne,1
integrity,1
montana,1
djd,1
thunder,1
wolfstopper,1
gee,1
electricity,1
southpaw816,1
sensanders,1
highness,1
joedefranco,1
rino,1
hack,1
scarborough,1
bigot,1
jimhewitt,1
frankcaliendo,1
mikeandmike,1
awesome,1
sara,1
wejesa,1
speach,1
mariadaq,1
pocketbook,1
trump2,1
lovusa4,1
richardweaving,1
newday,1
setfire2flames,1
nauthizjane,1
dale,1
dangler,1
mabynshingleton,1
johnkasich,1
board,1
dislike,1
played,1
kathyceurter,1
senatorjeffsessions,1
perfect,1
tel,1
aviv,1
823,1
roseanne,1
freemarketsara,1
mouth,1
thejusticedept,1
ausbiz,1
financed,1
boxing,1
promoter,1
sexist,1
opo,1
2004,1
corporate,1
rarely,1
flashbackfriday,1
faithandfreedom,1
rtm2016,1
choked,1
outstanding,1
usatoday,1
shoddy,1
riley,1
rone,1
pretended,1
investigating,1
imitating,1
toughness,1
vigilance,1
shouted,1
allah,1
hu,1
akbar,1
slaughtered,1
clubgoers,1
arrested,1
rifles,1
gay,1
wandawalls20,1
fairly,1
treating,1
distortion,1
stanleycup,1
champions,1
penguins,1
saint,1
anselm,1
incredibly,1
hereby,1
temporary,1
suspending,1
celebrating,1
cheering,1
savage,1
extraordinary,1
screening,1
lgbt,1
threaten,1
beliefs,1
usarmy,1
criticizing,1
insinuated,1
nra,1
allowing,1
fly,1
accurate,1
realericjallen,1
competence,1
mcallen,1
miles,1
rose,1
7yr,1
tx,1
votetrumpmaga,1
relentless,1
unhappy,1
dallaspd,1
cirque,1
du,1
soleil,1
mystere,1
treasure,1
island,1
fraudulently,1
bfraser747,1
djohnsonpga,1
dustin,1
majors,1
guards,1
wrecked,1
costing,1
inherited,1
10t,1
20t,1
bankrupted,1
enslave,1
stevens,1
defrauded,1
hedge,1
beyond,1
chrisboydbrew,1
lou,1
americanism,1
globalism,1
justininglv,1
1lion,1
allegrettivicki,1
rumsfeld,1
conduct,1
disqualifying,1
seek,1
threatens,1
sc,1
exec,1
tearing,1
earners,1
resources,1
mother,1
rebuilding,1
ailsa,1
british,1
referendum,1
membership,1
brave,1
sacred,1
exercised,1
ind,1
data,1
studies,1
3m,1
succeed,1
undermines,1
prospects,1
equating,1
darrenwaggener,1
exactly,1
jolena3,1
devastating,1
floods,1
arriving,1
13th,1
tee,1
box,1
kai,1
suspend,1
regions,1
method,1
deportation,1
land,1
blocked,1
bp,1
ends,1
magnificently,1
sample,1
stakes,1
status,1
dirty,1
polled,1
jimvitari,1
poles,1
brazosboys,1
sigh,1
teleprompter,1
w4djt,1
lindasuhler,1
scare,1
growing,1
wheeling,1
unrelenting,1
guest,1
pt,1
sports,1
corporations,1
overtaxed,1
patricia,1
graf,1
ziffel,1
stock,1
upupup,1
bluedogdemky,1
cwaunion,1
richardtrumka,1
aflcio,1
unions,1
kridan1,1
canceled,1
cable,1
listened,1
youtube,1
lying,1
seems,1
supposed,1
catastrophic,1
ill,1
realize,1
jtsbk,1
allenwest,1
incapable,1
iron,1
tyson,1
worker,1
pacts,1
penalties,1
cheaters,1
barrasso,1
4pme,1
exploded,1
gengm7,1
jakeda,1
264,1
55,1
massachusetts,1
explain,1
renegotiating,1
wakeupamerica,1
graduates,1
hid,1
forgiven,1
approx,1
terminated,1
approximately,1
throwbackthursday,1
initiated,1
demanded,1
coincidence,1
traceadkins,1
girl,1
inviting,1
western,1
summit,1
wcs16,1
slots,1
filled,1
shall,1
infringed,1
leadright2016,1
arranged,1
elie,1
wiesel,1
triumph,1
talked,1
grandkids,1
37,1
heightened,1
shouting,1
bangladesh,1
hostages,1
cite,1
verse,1
koran,1
baghdad,1
complexities,1
4th,1
july,1
depict,1
sheriff,1
cotton,1
interested,1
politically,1
taxpayers,1
compromised,1
senbobcorker,1
traveling,1
gasp,1
figures,1
escape,1
sooooo,1
bankruptcies,1
caesars,1
bankrupt,1
ovation,1
seven,1
social,1
markhalperin,1
nbcpolitics,1
schedule,1
devoted,1
disney,1
collins,1
pryan,1
thoroughly,1
devastated,1
horrors,1
execution,1
decided,1
postpone,1
softball,1
serenawilliams,1
twist,1
underachieving,1
hour,1
happily,1
westfield,1
berrien,1
courthouse,1
joseph,1
payne,1
ruled,1
argued,1
rapidly,1
chaos,1
endorse,1
occupy,1
goldman,1
sachs,1
abandoned,1
outspending,1
combined,1
language,1
500k,1
alone,1
falls,1
quinnipiacpoll,1
activity,1
ruth,1
bader,1
misconduct,1
boards,1
condemned,1
ethical,1
breach,1
opinions,1
employ,1
postponed,1
nevertrump,1
crushed,1
87,1
acceptable,1
pleased,1
introduction,1
spectacular,1
bought,1
lobbyists,1
tubes,1
cox,1
nominated,1
jack,1
morgan,1
tamara,1
neo,1
cheryl,1
kraft,1
litigate,1
truthful,1
guests,1
stacked,1
grieve,1
appear,1
cbs,1
scene,1
mahoning,1
networks,1
introduce,1
demeanor,1
roxanetancredi,1
roll,1
hemmer,1
explaining,1
excitement,1
publicity,1
forensic,1
ingrahamangle,1
warm,1
booed,1
gopincle,1
electric,1
soooo,1
enormous,1
intros,1
appointed,1
suffered,1
embarrassing,1
360,1
trumpiswithyou,1
formal,1
conventions,1
karlrove,1
munich,1
hundreds,1
gifts,1
indicted,1
field,1
cali,1
furious,1
represents,1
slot,1
hates,1
praising,1
trans,1
pacific,1
partnership,1
approved,1
twenty,1
drooling,1
heart,1
olimauritania,1
stupidest,1
hillarykaine2016,1
nancynielsenn,1
dinesh,1
sousa,1
disrespectful,1
ending,1
malik,1
blood,1
sweat,1
folks,1
dismiss,1
shultz,1
dwstweets,1
cracking,1
blown,1
resignation,1
boss,1
dws,1
flamed,1
alive,1
stealing,1
laughing,1
display,1
religion,1
servant,1
spinnnn,1
antics,1
betrayed,1
pocket,1
backed,1
juan,1
williams,1
passing,1
fine,1
trashes,1
booker,1
abandon,1
misrepresented,1
glowingly,1
hated,1
bombed,1
invention,1
shut,1
interventions,1
deflect,1
stupidity,1
neither,1
straight,1
exclaim,1
approve,1
contrary,1
adv,1
1st,1
professionals,1
recognition,1
beloved,1
french,1
priest,1
causing,1
rationally,1
flood,1
enemy,1
crossing,1
51,1
152,1
78,1
offended,1
demsinphilly,1
resonating,1
direction,1
lallyray,1
sees,1
breitbart,1
caved,1
influx,1
median,1
household,1
tbt,1
davenport,1
underestimate,1
refusal,1
pushes,1
borderless,1
devastation,1
follows,1
wherever,1
scream,1
policemen,1
science,1
code,1
shutting,1
mines,1
steel,1
remaining,1
northwestern,1
mentioned,1
fabrications,1
allen,1
guts,1
tumble,1
instagram,1
hearing,1
achieve,1
briefings,1
cannon,1
extraordinarily,1
insticts,1
rig,1
unacceptable,1
patrioticpepe,1
suffering,1
homeownership,1
q2,1
lowest,1
51yrs,1
harrisburg,1
ignored,1
reduction,1
priorities,1
soft,1
formula,1
thursdays,1
charles,1
koch,1
puppets,1
unenthusiastic,1
drew,1
rust,1
belt,1
alliance,1
dcexaminer,1
nielson,1
captain,1
eradicate,1
respond,1
realjameswoods,1
owning,1
trusted,1
shop,1
anchors,1
vanishing,1
unreported,1
unfolding,1
anchor,1
headline,1
disconnected,1
silence,1
raked,1
horribly,1
oppress,1
segment,1
pnehlen,1
moved,1
mechanicsburg,1
pathological,1
nose,1
grow,1
pocketed,1
180,1
uranium,1
raises,1
candidacy,1
knocked,1
50k,1
counting,1
mainegop,1
226th,1
coast,1
guard,1
uscg,1
portland,1
depression,1
dodge,1
hostage,1
carrying,1
teamusa,1
openingceremony,1
loudly,1
circuits,1
brainwashed,1
brain,1
larry,1
kudlow,1
windham,1
stephanie,1
rawlings,1
blake,1
distort,1
morell,1
carried,1
alex,1
nfib,1
reploubarletta,1
perdue,1
palazzo,1
newt,1
iranians,1
scientist,1
sprts08,1
linhen23,1
senatorfischer,1
chuckgrassley,1
distract,1
organize,1
bongino,1
bullied,1
heated,1
rock,1
rudy,1
giuliani,1
sebastian,1
arkansas,1
peterbilt,1
conversation,1
abingdon,1
dsf2020,1
daily,1
nypd,1
saving,1
climber,1
fort,1
lauderdale,1
sheriffclarke,1
creats,1
controversy,1
enemywithinn,1
gotta,1
believing,1
challenged,1
founder,1
mvp,1
sarcasm,1
laurencristmann,1
lynne,1
cd,1
delegate,1
rollout,1
gained,1
erie,1
govmikehuckabee,1
non,1
existent,1
unnamed,1
endlessly,1
confirmation,1
need2knowu,1
laying,1
luxurious,1
pauladuvall2,1
throughout,1
zulu,1
anonymous,1
protects,1
keeps,1
honestly,1
meaning,1
size,1
expose,1
newspapers,1
remain,1
chant,1
misrepresents,1
appointments,1
620,1
insurer,1
pulling,1
persistent,1
36,1
cold,1
exposing,1
evils,1
communism,1
virtues,1
generation,1
opportunities,1
soaring,1
digit,1
dying,1
otherwise,1
billhemmer,1
whereshillary,1
sleeping,1
billynungesser,1
samaritanspurse,1
humbled,1
catonglass,1
ten,1
alwaystrump,1
j58golf,1
eyecandytmgayle,1
sooo,1
flooding,1
airwaves,1
misleading,1
donny,1
jimbos2002,1
referring,1
blacks,1
heel,1
sinabunz,1
tm,1
55lidsville,1
hc,1
139,1
yt,1
dt,1
38k,1
realbill2016,1
calm,1
joenbc,1
insecure,1
girlfriend,1
active,1
retired,1
fraternal,1
lodge,1
comprised,1
copies,1
fundraiser,1
virtually,1
pile,1
connection,1
golfing,1
1pme,1
patrol,1
travis,1
earthquakes,1
italy,1
myanmar,1
buildthewall,1
struck,1
prevail,1
videos,1
employment,1
recap,1
mongering,1
pandering,1
society,1
baiting,1
oldest,1
argument,1
sabotage,1
foxnation,1
flashback,1
byrd,1
gouging,1
epipens,1
partner,1
undertones,1
lewenskimo,1
opponent,1
resorts,1
amercan,1
education,1
educational,1
statistics,1
pastormarkburns,1
unfairly,1
subject,1
discussion,1
youth,1
intended,1
prevent,1
trumpocrats,1
lifelong,1
training,1
slide,1
insider,1
kimguilfoyle,1
updated,1
app,1
heroin,1
midwest,1
bashing,1
goldjazz559,1
blackmenforbernie,1
hillary2016,1
blacksfortrump,1
cousin,1
walking,1
nykea,1
aldridge,1
root,1
2009,1
august,1
lindaharden,1
trumppence2016,1
xfinity,1
53rd,1
anniversary,1
march,1
enduring,1
equality,1
detailed,1
medical,1
records,1
latinos,1
levels,1
patrici,1
minorities,1
independents,1
gatewaypundit,1
rhondar,1
clarence,1
racism,1
breitbartnews,1
pmnorlando,1
blank,1
exams,1
elsewhere,1
brainpower,1
type,1
management,1
meequalsfree,1
invitation,1
enrique,1
pena,1
vicente,1
railing,1
invited,1
quality,1
americanlegion,1
promising,1
mental,1
breakdown,1
ground,1
pros,1
ministries,1
bishop,1
wayne,1
jackson,1
church,1
protest,1
promoting,1
pack,1
credible,1
source,1
annebellar,1
committed,1
jeffflake,1
hammer,1
devices,1
acid,1
fifty,1
markings,1
chernuna,1
defies,1
spinning,1
excuse,1
lblackvelvet,1
kill,1
ronnieclemmons,1
chriscjackson,1
takouis,1
tweak626,1
biker,1
perry,1
kansas,1
osprey675,1
miami4trump,1
patriot,1
sticking,1
maker,1
chinese,1
legion,1
610,1
hosting,1
roundtable,1
youngstown,1
92,1
philippines,1
whore,1
tribute,1
ler,1
undecided,1
wake,1
mainstream,1
coughing,1
trending,1
spouses,1
laraleatrump,1
11pme,1
adhd,1
fa,1
kudos,1
parisdennard,1
attempt,1
bully,1
shout,1
presentation,1
commanderinchiefforum,1
answered,1
confused,1
finance,1
pe,1
luis,1
benefitted,1
matt,1
lauer,1
documentary,1
aired,1
broadcasting,1
arm,1
zucker,1
henry,1
mcmaster,1
lt,1
announcer,1
bakari,1
sellers,1
gilmore,1
thx,1
jim,1
dummy,1
basket,1
feels,1
jilted,1
havn,1
lib,1
stvzbnk,1
tony,1
whack,1
insulting,1
sass,1
writes,1
neverforget,1
stopped,1
trumpdc,1
asheville,1
brimyers813,1
pray,1
repreneeellmers,1
marshablackburn,1
cynthialummis,1
atfd17,1
civic,1
bishopwtjackson,1
9pme,1
7am,1
colin,1
powell,1
understanding,1
ghfanlovessonny,1
35pme,1
studio,1
normmacdonald,1
kiiara,1
funniest,1
myteacherisweird,1
tweets,1
ak,1
thedonald,1
hair,1
treatment,1
thetonightshow,1
laconia,1
receiving,1
villages,1
fortworthpd,1
katiepavlich,1
birther,1
trick,1
pulled,1
phillypolice,1
penn,1
detail,1
guidance,1
panelists,1
losers,1
nytimesdowd,1
column,1
maureen,1
dowd,1
columnist,1
pretends,1
nuts,1
willing,1
laughingstock,1
rag,1
lawyers,1
sue,1
irresponsible,1
speaks,1
regards,1
bombing,1
experienced,1
victories,1
abroad,1
02,1
angpiazza,1
tarukmatuk,1
rogerrice10,1
10k,1
males,1
vetted,1
embrace,1
thru,1
emboldened,1
fop,1
blew,1
copying,1
puts,1
belong,1
neglected,1
kenansville,1
gravy,1
abrupt,1
situations,1
tulsa,1
unrest,1
immediate,1
youngdems4trump,1
thallensboucher,1
gals,1
patmccrorync,1
circumstances,1
sm,1
biz,1
estates,1
65,1
stimulate,1
coliseum,1
grandstand,1
sentedcruz,1
headed,1
professor,1
predicted,1
benefactor,1
row,1
gennifer,1
flowers,1
alongside,1
readout,1
riots,1
palmer,1
managing,1
9trillion,1
channels,1
kerry,1
advice,1
habit,1
trafficked,1
rumors,1
warheads,1
testing,1
sweetheart,1
paved,1
payment,1
tedcruz,1
terrybranstad,1
61,1
39,1
80,1
undecideds,1
trend,1
collar,1
billionaire,1
governorsununu,1
hrs,1
13m,1
havana,1
washtimes,1
disclosure,1
mid,1
melbourne,1
sfb,1
shatter,1
shimon,1
peres,1
polish,1
ues,1
bedford,1
accident,1
responders,1
manheim,1
profits,1
donlemon,1
anytime,1
duped,1
floated,1
angel,1
checking,1
paragon,1
virtue,1
sex,1
citizen,1
cancelling,1
subscriptions,1
papers,1
readers,1
knocking,1
awake,1
reflects,1
modern,1
spin,1
microphone,1
commission,1
admitted,1
audio,1
prosperity,1
pulse,1
pull,1
decieved,1
greetings,1
observing,1
rosh,1
hashanah,1
preparing,1
battle,1
reclaim,1
mission,1
30am,1
sparks,1
est,1
familyfirst,1
panel,1
shake,1
inform,1
roadkingl,1
seconds,1
marines,1
scared,1
bengazi,1
lainey34210,1
cbsnews,1
bigdog,1
elisac006,1
nycmia,1
jnelson52722,1
crook,1
batman,1
movies,1
creators,1
contest,1
arsenmissyirvin,1
fired,1
wasting,1
carol,1
lcnixon67,1
ifdanyt,1
loving,1
sensible,1
bcuzimdamomma,1
freedavidking,1
aldonturnaolco1,1
frankluntz,1
marthamaccallum,1
249,1
decreased,1
113,1
826,1
geeveem,1
homework,1
outperform,1
sneers,1
dominating,1
flailing,1
judged,1
sanctions,1
likely,1
deserve,1
scrutiny,1
flifeforce,1
cfj,1
vine,1
liberty,1
gsimmons03ginny,1
awful,1
ticket,1
anyonetennis,1
interrupts,1
obvious,1
interruptions,1
iclv,1
pavilion,1
senjohnmccain,1
ptsd,1
underway,1
customs,1
ambridge,1
hoping,1
dissipates,1
volunteer,1
observer,1
kevcirilli,1
exact,1
waterville,1
realized,1
gonna,1
path,1
matthew,1
neighbors,1
establishment,1
juanita,1
relives,1
brutal,1
rapes,1
jodygirl1010,1
eericmyers,1
charleneosbor17,1
count,1
maidaa17,1
traitors,1
destroying,1
henryleledog,1
righteous,1
hypocrites,1
usc,1
dornsife,1
retains,1
willey,1
defenders,1
terrified,1
enabler,1
reminds,1
grievous,1
perils,1
facing,1
continued,1
facebooklive,1
conclude,1
preparations,1
abusive,1
unfortunate,1
actions,1
empowering,1
instruct,1
bc,1
basically,1
attn,1
staffers,1
immunity,1
competitive,1
comprehensive,1
clarified,1
meant,1
pretty,1
interruption,1
counters,1
consider,1
moderators,1
interrupted,1
discussions,1
lowering,1
lesson,1
abraham,1
nickname,1
abe,1
accomplishments,1
drawn,1
aug,1
til,1
feb,1
ac360,1
1929,1
single,1
beneficiary,1
econ,1
eliminate,1
excessive,1
lean,1
louis,1
balancing,1
disloyalty,1
shackles,1
exception,1
nom,1
disloyal,1
sides,1
teach,1
foul,1
mouthed,1
sen,1
begged,1
exposed,1
attention,1
haiti,1
earthquake,1
deadlines,1
votetrumppence2016,1
provided,1
struggled,1
reverse,1
concessions,1
towards,1
restored,1
lakeland,1
extended,1
asap,1
ohiovotesearly,1
twelve,1
marist,1
peace,1
bigotry,1
afford,1
trumpwomenstour,1
fabricated,1
poison,1
unsubstantiated,1
outright,1
7k,1
steal,1
amy,1
davidshiloach,1
retire,1
unfunny,1
alec,1
portrayal,1
stinks,1
coordinated,1
effort,1
gang,1
might,1
wondered,1
avoided,1
prosecution,1
found,1
focusing,1
animals,1
firebombed,1
phoney,1
marksimoneny,1
grabbing,1
kissing,1
groping,1
cringing,1
prisonplanet,1
recently,1
rosiegray,1
thiel,1
chooses,1
scale,1
deny,1
naive,1
mishandled,1
48,1
44,1
accused,1
offering,1
journalists,1
shower,1
deceived,1
colluded,1
covering,1
deserves,1
announces,1
statewide,1
choices,1
anderson,1
cooper,1
guide,1
therealmogul,1
widespread,1
politico,1
collusion,1
ups,1
bribery,1
independence,1
donation,1
ks,1
md,1
wv,1
reg,1
disrupter,1
payroll,1
limit,1
damage,1
food,1
vps,1
gender,1
shadow,1
surround,1
gatekeeper,1
agitators,1
plotted,1
technician,1
increasing,1
repealed,1
replaced,1
loopholes,1
branch,1
lobbying,1
30pme,1
250,1
battleground,1
contractor,1
felon,1
handing,1
november8th,1
siege,1
scotus,1
uphold,1
litany,1
ways,1
restrict,1
survive,1
imperative,1
secondamendment,1
acts,1
lords,1
secure,1
solutions,1
225,1
brazilian,1
makeamericastrongagain,1
bigleagetruth,1
renegotiate,1
tear,1
wwii,1
thirty,1
stagnant,1
blessed,1
illinois,1
incidents,1
spontaneous,1
claimed,1
respectfully,1
enterprise,1
opposed,1
hacks,1
futures,1
infiltrated,1
posing,1
era,1
division,1
americanunity,1
77,1
290,1
chokes,1
inappropriately,1
secretly,1
oppressive,1
200k,1
25m,1
catches,1
unanimous,1
negotiating,1
12m,1
commitment,1
mohammed,1
vi,1
500,1
examples,1
cambria,1
ironic,1
lectured,1
underlings,1
cybersecurity,1
guarding,1
reid,1
smear,1
shreds,1
friendly,1
malleable,1
unquestionably,1
opsec,1
violation,1
newtown,1
jensen4law,1
berniesanders,1
dncleak,1
aztrumptrain,1
bordercontrol,1
tops,1
islamist,1
introduced,1
architect,1
exhibition,1
abedin,1
lays,1
veep,1
journal,1
reviewjournal,1
molten,1
56,1
aided,1
syrians,1
suppress,1
emanated,1
catholics,1
tank,1
refusing,1
round,1
table,1
boynton,1
questionable,1
paytoplay,1
planted,1
sjsopio,1
amphitheatre,1
northeast,1
regional,1
sgj,1
camera,1
ordered,1
duck,1
troll,1
navarro,1
accountability,1
bowden,1
intro,1
looms,1
skyrocket,1
key,1
association,1
sky,1
obamacarefailed,1
ballots,1
obamacareinthreewords,1
afternoons,1
dca,1
sniper,1
surrounded,1
usss,1
renewal,1
kinston,1
ins,1
flipping,1
booths,1
lines,1
drip,1
deadline,1
ron,1
fournier,1
circleofenrichment,1
pressed,1
steer,1
mmflint,1
manchester,1
lisbon,1
inc,1
memo,1
intersection,1
feedback,1
keithrowland,1
taste,1
launched,1
letting,1
jmoschetti1363,1
johnatsrs1949,1
hands,1
neera,1
tanden,1
depressing,1
inspiring,1
piersmorgan,1
reopening,1
discovery,1
deplorablecbtp,1
philrobertson,1
duckdynasty,1
phil,1
11a,1
4p,1
nm,1
7p,1
overflow,1
accomplish,1
original,1
overwhelming,1
google,1
burying,1
sands,1
restoring,1
slh,1
lion,1
hearted,1
warrior,1
inspires,1
resulted,1
28,1
legendary,1
basketball,1
knight,1
900,1
championships,1
gold,1
medal,1
streaming,1
46,1
45,1
subpoena,1
forge,1
darrellissa,1
seat,1
probe,1
represented,1
session,1
brzezinski,1
criticism,1
reinforcing,1
hand,1
emerged,1
reveal,1
urging,1
dump,1
triple,1
subpoenaed,1
ravenrantz,1
billygraham,1
supportstrump,1
cissy,1
lynch,1
pynance,1
evangelical,1
trumptower,1
pdpryor1,1
cissieglynch,1
saysgabrielle,1
ambushed,1
clearly,1
fumed,1
surrogate,1
closing,1
arlene,1
mia,1
concord,1
challenge,1
selma,1
definitely,1
releasing,1
aliens,1
unleash,1
gangs,1
cartels,1
straightening,1
rallyforriley,1
ditka,1
wattersworld,1
lawyer,1
bemoan,1
tactics,1
quest,1
van,1
crack,1
sioux,1
gateway,1
sux,1
comeback,1
bradenton,1
srq,1
dorton,1
fresh,1
perspective,1
koster4missouri,1
koster,1
seal,1
ericgreitens,1
venezuela,1
oppression,1
gerald,1
grr,1
ivoted,1
returns,1
45pm,1
electionnight,1
marine,1
corps,1
chemistry,1
professional,1
protesting,1
served,1
phenomena,1
apologizing,1
jeb,1
acquire,1
intensity,1
finalists,1
clearance,1
typically,1
spoken,1
australia,1
zealand,1
advised,1
owed,1
choosing,1
lawsuit,1
fraction,1
award,1
trial,1
harassed,1
rude,1
producers,1
numerous,1
patriots,1
bedminster,1
nbcsnl,1
equal,1
smarter,1
transition2017,1
update,1
properties,1
terms,1
conditions,1
meantime,1
inaccurately,1
complaints,1
formation,1
garners,1
praise,1
sessions,1
fitting,1
ben,1
hud,1
bus,1
crash,1
boldly,1
frontiers,1
fidel,1
castro,1
coffers,1
recounts,1
defeated,1
demoralized,1
tabulation,1
conceded,1
240,1
appalled,1
parties,1
separately,1
refused,1
direct,1
owe,1
deduct,1
convincingly,1
terminate,1
joebowman12,1
generic,1
wannabe,1
fiiibuster,1
sufficient,1
sdcritic,1
corrupthillary,1
burn,1
consequences,1
citizenship,1
wildfires,1
intends,1
seema,1
verma,1
nominates,1
elaine,1
chao,1
transportation,1
staying,1
indianapolis,1
stabbing,1
somali,1
holding,1
visually,1
hence,1
crafted,1
operations,1
task,1
mnuchin,1
wilbur,1
ross,1
ricketts,1
conditioners,1
storms,1
southeastern,1
wish,1
sells,1
equipment,1
congratulatory,1
rexnord,1
moving,1
firing,1
300,1
tigerwoods,1
mix,1
boys,1
tw,1
heroworldchallenge,1
tiger,1
treasurer,1
vpe,1
impersonation,1
substantialy,1
leaves,1
fires,1
factory,1
retribution,1
consequence,1
units,1
financially,1
tariff,1
forewarned,1
suit,1
stein,1
objectified,1
harvey,1
levin,1
tmz,1
devalue,1
currency,1
compete,1
products,1
thrilled,1
realbencarson,1
housing,1
development,1
accurately,1
honorably,1
747,1
softbank,1
todayshow,1
pause,1
403,1
selflessly,1
pearl,1
harbor,1
75,1
flee,1
dues,1
pioneer,1
glenn,1
generations,1
explorers,1
dsm,1
electing,1
enact,1
rudygiuliani,1
finest,1
consideration,1
conceived,1
stake,1
devote,1
untrue,1
unfortunately,1
october,1
foxnewssunday,1
choose,1
dealmaker,1
tuned,1
nbcnightlynews,1
although,1
card,1
conspiracy,1
theory,1
catch,1
hackers,1
determine,1
saved,1
tue,1
allis,1
thur,1
fri,1
al,1
guess,1
131,1
busineses,1
manage,1
hold,1
topics,1
successfully,1
types,1
governments,1
ladd,1
peebles,1
billgates,1
guys,1
vanityfair,1
graydon,1
carter,1
naming,1
tries,1
pertains,1
entity,1
complain,1
cyberattack,1
revealed,1
eazymf,1
steals,1
waters,1
rips,1
water,1
takes,1
madeintheusa,1
stole,1
acted,1
threatened,1
scorned,1
names,1
civilized,1
unlimited,1
vital,1
carlos,1
slim,1
sophisticated,1
winner,1
commentators,1
generals,1
admirals,1
pricing,1
resolution,1
vetoed,1
overruns,1
comparable,1
hornet,1
celebrities,1
tixs,1
cancer,1
swear,1
religious,1
reality,1
vladimir,1
opinion,1
humiliating,1
purposely,1
qoute,1
merry,1
gloomy,1
unlike,1
foundations,1
fees,1
rent,1
salaries,1
expenses,1
charities,1
consumer,1
highest,1
disregard,1
inflammatory,1
smooth,1
disdain,1
approaching,1
economists,1
american32,1
founded,1
legend,1
happynewyear,1
blessings,1
331,1
762,1
federal,1
explores,1
fabled,1
270,1
stages,1
developing,1
weapon,1
mexican,1
model,1
chevy,1
cruze,1
dealers,1
lousy,1
weakening,1
independent,1
priority,1
importance,1
danscavino,1
scrap,1
gitmo,1
battlefield,1
eleventh,1
briefing,1
strange,1
scrapping,1
700,1
responded,1
standard,1
hike,1
deductibles,1
practically,1
useless,1
fall,1
weight,1
jackie,1
evancho,1
album,1
sales,1
skyrocketed,1
announcing,1
clown,1
doctor,1
toyota,1
motor,1
baja,1
corolla,1
supposedly,1
requested,1
examination,1
servers,1
sake,1
speed,1
schwarzenegger,1
swamped,1
comparison,1
movie,1
compare,1
cares,1
anna,1
wintour,1
editors,1
conde,1
nast,1
newhouse,1
committees,1
investigate,1
monitoring,1
scott,1
gross,1
negligence,1
machines,1
touched,1
defended,1
discussed,1
pressing,1
congratulation,1
timken,1
becoming,1
spring,1
longtime,1
interfering,1
interfe,1
conway,1
chucktodd,1
confidential,1
rupert,1
murdoch,1
developer,1
meryl,1
streep,1
actresses,1
hollywood,1
globes,1
100th,1
chrysler,1
1billion,1
adding,1
2000,1
picture,1
365,1
lawenforcementappreciationday,1
surges,1
1980,1
soars,1
helps,1
yr,1
witch,1
hunt,1
buzzfeed,1
unverifiable,1
fakenews,1
unverified,1
utter,1
verified,1
agencies,1
leak,1
nazi,1
couple,1
organizations,1
zhu,1
amy3,1
clapper,1
denounce,1
fictitious,1
circulated,1
linda,1
bean,1
lbperfectmaine,1
tanking,1
step,1
repealobamacare,1
mine,1
allegations,1
spy,1
afraid,1
sued,1
sleazebag,1
operatives,1
exists,1
90,1
unaffordable,1
detective,1
mcdonald,1
shape,1
falling,1
falsely,1
claim,1
dossier,1
oann,1
burning,1
untrusting,1
woodward,1
document,1
chiefs,1
outgoing,1
brennan,1
blasts,1
leaker,1
luther,1
levisteveholt,1
maintain,1
transparency,1
drgoodspine,1
character,1
approval,1
rating,1
auto,1
reductions,1
negotiated,1
boycotted,1
hypocritical,1
familiar,1
wp,1
walmart,1
ainsleyearhardt,1
bayer,1
add,1
string,1
thealabamaband,1
147,1
diplomats,1
ambassadors,1
inaugural,1
mar,1
lago,1
speedy,1
barbara,1
hospitalized,1
theleegreenwood,1
kimberly,1
dinner,1
warriors,1
reverend,1
concert,1
merely,1
matters,1
controls,1
controlled,1
became,1
rulers,1
ovations,1
impression,1
celebs,1
cause,1
hallmark,1
recognize,1
displayed,1
upper,1
abbas,1
signing,1
construction,1
keystone,1
xl,1
pipelines,1
fields,1
mary,1
barra,1
carnage,1
228,1
killings,1
feds,1
depending,1
procedures,1
dhsgov,1
duty,1
romoabcnews,1
abcworldnews,1
abc2020,1
muir,1
ungrateful,1
traitor,1
chelsea,1
manning,1
prison,1
retreat,1
philadelphia,1
senatemajldr,1
speakerryan,1
dade,1
drops,1
sanctuary,1
votestand,1
gregg,1
phillips,1
deficits,1
marching,1
holocaust,1
pentagon,1
gas,1
dwindling,1
shuttle,1
challenger,1
aptitude,1
conviction,1
correctly,1
christians,1
executed,1
energies,1
iii,1
recent,1
thebrodyfile,1
cbnnews,1
109,1
325,1
detained,1
questioning,1
airports,1
delta,1
outage,1
kelly,1
searching,1
enter,1
rush,1
dudes,1
opposition,1
fleeing,1
environment,1
delaying,1
obstruct,1
pelosi,1
steps,1
